,,,,,,,,,,,,,,,,,,,Monthly Spending Plan,,,,,,,,,,,,,,,,,,,,,,,,,,,,,,,,,
Last Seen Month,Region,Site,Business Category,Project No.,Capital Classification Code, Firm , Jul , Aug , Sep , Oct , Nov , Dec , Jan , Feb , Mar , Apr , May , Jun ,J,A,S,O,N,D,J,F,M,A,M,J,,,,,,,,,,,,,,,,,,,,,,
2019-07,Market E,Plant A,Category B,A.03349,04, 350 , 303 , 303 , 303 , 302 , 302 , 303 , 303 , 223 , 209 , 229 , 229 , 229 , 57 , 62 , 5 , 31 , 9 , 44 , 0 , 1 , -   , 3 , 17 , -   ,,,,,,,,,,,,,,,,,,,,,,
2019-07,Market E,Plant A,Category C,A.03476,01, 30 , 30 , 30 , 30 , 30 , 30 , 30 , 30 , 30 , 25 , 25 , 25 , 25 , -   , 24 , -   , 1 , 0 , -   , -   , -   , -   , -   , -   , -   ,,,,,,,,,,,,,,,,,,,,,,
2019-07,Market E,Plant A,Category B,A.03478,02,, 4 , 4 , 4 , 3 , 3 , 3 , 3 , 3 , 3 , 3 , 3 , 3 , 3 , (0), -   , -   , -   , -   , -   , -   , -   , -   , -   , -   ,,,,,,,,,,,,,,,,,,,,,,
2019-07,Market E,Plant A,Category B,A.03486,02,,, -   , (0), 2 , 2 , 2 , 2 , 2 , 2 , 2 , 2 , 2 , -   , (0), -   , -   , 2 , -   , -   , -   , -   , -   , -   , -   ,,,,,,,,,,,,,,,,,,,,,,
2019-09,Market E,Plant A,Category B,A.03578,02, 330 , 304 , 304 , 304 , 304 , 304 , 304 , 304 , 304 , 282 , 272 , 272 , 272 , 3 , 36 , 17 , 28 , 6 , 75 , 44 , 16 , 47 , 0 , -   , -   ,,,,,,,,,,,,,,,,,,,,,,
2019-08,Market E,Plant A,Category C,A.03579,01, 10 , 10 , 20 , 20 , 20 , 20 , 20 , 20 , 16 , 16 , 16 , 16 , 16 , -   , 12 , (5), 9 , -   , (0), (0), -   , -   , -   , -   , -   ,,,,,,,,,,,,,,,,,,,,,,
2019-09,Market E,Plant A,Category B,A.03592,01, 129 , 70 , 70 , 70 , 70 , 70 , 70 , 70 , 70 , 63 , 63 , 63 , 63 , 13 , 18 , (2), 21 , 5 , 5 , 7 , (4), -   , 0 , -   , -   ,,,,,,,,,,,,,,,,,,,,,,
2020-02,Market E,Plant A,Category B,A.03688,02, 449 , 480 , 480 , 480 , 480 , 480 , 451 , 451 , 451 , 420 , 473 , 473 , 473 , 2 , 162 , 19 , 53 , 24 , 72 , 18 , 4 , 72 , 10 , 32 , 5 ,,,,,,,,,,,,,,,,,,,,,,
2020-03,Market E,Plant A,Category C,A.03703,02," 1,933 "," 1,852 "," 1,852 "," 2,202 "," 2,202 "," 2,205 "," 2,144 "," 2,149 "," 1,943 "," 1,858 "," 2,025 "," 2,025 "," 2,025 ", 90 , 205 , 70 ," 1,034 ", 192 , 180 , 67 , 50 , 34 , 41 , 10 , 52 ,,,,,,,,,,,,,,,,,,,,,,
2020-03,Market E,Plant A,Category C,A.03703,02,,,,,,,,,,, 552 , 552 , 552 , -   , 551 , -   , -   , 1 , 0 , -   , -   , -   , -   , -   ,,,,,,,,,,,,,,,,,,,,,,,
2020-03,Market E,Plant A,Category C,A.03703,02,,,,,,,,,,, (718), (718), (718), -   , -   , (717), -   , (1), -   , -   , -   , -   , -   , -   ,,,,,,,,,,,,,,,,,,,,,,,
2020-04,Market E,Plant A,Category B,A.03718,02," 2,948 "," 2,898 "," 2,899 "," 3,100 "," 3,118 "," 3,116 "," 3,116 "," 3,117 "," 3,117 "," 2,872 "," 3,471 "," 3,471 "," 3,471 ", 17 , 14 ," 1,288 ", 321 , 294 , 655 , 181 , 112 , 154 , 62 , -   , 373 ,,,,,,,,,,,,,,,,,,,,,,
2020-04,Market E,Plant A,Category B,A.03718,02,,,,,,,,,,, (828), (828), (828), -   , (828), -   , -   , -   , -   , -   , -   , -   , -   , -   , -   ,,,,,,,,,,,,,,,,,,,,,,
2020-04,Market E,Plant A,Category B,A.03718,02,,,,,,,,,,, 160 , 160 , 160 , 160 , -   , -   , -   , -   , -   , -   , -   , -   , -   , -   , -   ,,,,,,,,,,,,,,,,,,,,,,
2020-05,Market E,Plant A,Category C,A.03736,02, 50 , 25 , 25 ," 1,000 "," 1,000 "," 1,000 "," 1,000 ", 26 , 26 , 26 , 26 , 26 , 26 , -   , -   , 26 , -   , -   , -   , -   , -   , -   , -   , -   , -   ,,,,,,,,,,,,,,,,,,,,,,
,Market E,Plant A,Category F,A.03817,03, 531 ," 1,154 "," 1,154 "," 1,154 "," 1,154 "," 1,154 "," 1,054 "," 1,052 "," 1,052 "," 1,043 "," 1,041 "," 1,042 "," 1,042 ", 85 , 152 , 18 , 25 , 281 , 228 , 54 , 182 , 2 , 11 , 13 , (10),,,,,,,,,,,,,,,,,,,,,,
,Market E,Plant A,Category B,A.03885,04," 1,000 "," 1,000 "," 1,000 "," 1,000 "," 1,000 "," 1,000 ", 909 , 908 ," 1,000 "," 1,000 "," 1,000 "," 1,000 "," 1,000 ", -   , -   , -   , -   , 26 , -   , -   , 513 , 527 , (253), 120 , 67 ,,,,,,,,,,,,,,,,,,,,,,
2019-08,Market E,Plant A,Category F,B.06835,03, 212 , 104 , 104 , 104 , 103 , 91 , 84 , 89 , 89 , 86 , 85 , 86 , 86 , 6 , 23 , 18 , 8 , 4 , 3 , -   , 13 , -   , 12 , -   , -   ,,,,,,,,,,,,,,,,,,,,,,
2019-09,Market E,Plant A,Category C,B.06838,01, -   , -   , -   , -   , -   , -   , -   , -   , -   , -   , -   , -   , -   , -   , -   , -   , -   , -   , -   , -   , -   , -   , -   , -   , -   ,,,,,,,,,,,,,,,,,,,,,,
2019-09,Market E,Plant A,Category C,B.06838,01, -   , -   , -   , -   , -   , -   , -   , -   , -   , -   , -   , -   , -   , -   , -   , -   , -   , -   , -   , -   , -   , -   , -   , -   , -   ,,,,,,,,,,,,,,,,,,,,,,
2019-09,Market E,Plant A,Category C,B.06838,01, -   , -   , -   , -   , -   , -   , -   , -   , -   , -   , -   , -   , -   , -   , -   , -   , -   , -   , -   , -   , -   , -   , -   , -   , -   ,,,,,,,,,,,,,,,,,,,,,,
2019-09,Market E,Plant A,Category C,B.06838,01, -   , -   , -   , -   , -   , -   , -   , -   , -   , -   , -   , -   , -   , -   , -   , -   , -   , -   , -   , -   , -   , -   , -   , -   , -   ,,,,,,,,,,,,,,,,,,,,,,
2019-09,Market E,Plant A,Category C,B.06838,01, 647 , 592 , 592 , 592 , 593 , 591 , 532 , 532 , 532 , 528 , 630 , 630 , 630 , 99 , 163 , 16 , 86 , 50 , 167 , 33 , 3 , 12 , 0 , -   , -   ,,,,,,,,,,,,,,,,,,,,,,
2019-09,Market E,Plant A,Category C,B.06838,01,,,,,,,,,,, (127), (127), (127), (127), -   , -   , -   , -   , -   , -   , -   , -   , -   , -   , -   ,,,,,,,,,,,,,,,,,,,,,,
2019-09,Market E,Plant A,Category C,B.06838,01,,,,,,,,,,, 25 , 25 , 25 , 25 , -   , -   , -   , -   , -   , -   , -   , -   , -   , -   , -   ,,,,,,,,,,,,,,,,,,,,,,
,Market E,Plant A,Category F,B.07197,03," 1,081 "," 1,045 "," 1,045 "," 1,070 "," 1,046 "," 1,059 "," 1,059 "," 1,067 "," 1,067 "," 1,567 "," 1,576 "," 1,629 "," 1,629 ", -   , -   , 29 , 112 , 92 , 132 , 64 , 24 , 142 , 142 , 167 , 727 ,,,,,,,,,,,,,,,,,,,,,,
,Market E,Plant A,Category F,B.07199,04, 568 , 512 , 512 ," 1,126 "," 1,016 "," 1,016 "," 1,023 "," 1,323 "," 1,266 "," 1,661 "," 1,525 "," 1,212 "," 1,212 ", -   , -   , -   , 4 , 38 , 93 , 85 , 26 , 196 , 69 , 265 , 436 ,,,,,,,,,,,,,,,,,,,,,,
,Market E,Plant A,Category C,B.07199,04,,,,,,, 50 , 50 , 50 , 35 , -   , -   , -   , -   , -   , -   , -   , -   , -   , -   , -   , -   , -   , -   , -   ,,,,,,,,,,,,,,,,,,,,,,
,Market E,Plant A,Category F,B.07199,04,,,,,,,,,,, -   , 52 , 52 , -   , -   , -   , -   , -   , -   , -   , -   , -   , 52 , -   , -   ,,,,,,,,,,,,,,,,,,,,,,
,Market E,Plant A,Category C,B.07208,01,,,,,,,, -   , -   , -   , -   , -   , -   ,,,,,,,,,, -   ,,,,,,,,,,,,,,,,,,,,,,,,
,Market E,Plant A,Category C,B.07208,01,,,, 320 , 185 , 190 , 190 , 189 , 189 , 199 , 213 , 222 , 222 , -   , -   , -   , -   , 3 , 26 , 23 , 3 , 48 , 44 , 4 , 72 ,,,,,,,,,,,,,,,,,,,,,,
,Market E,Plant A,Category B,B.07250,01,,,,,,,,,, -   , 36 , 36 , 36 , -   , -   , -   , -   , -   , -   , -   , -   , -   , -   , 12 , 24 ,,,,,,,,,,,,,,,,,,,,,,
,Market E,Plant A,Category C,FB.16660,03, 25 , 25 , -   , -   , -   , -   , -   , -   , -   , -   , -   , -   , -   , -   , -   , -   , -   , -   , -   , -   , -   , -   , -   , -   , -   ,,,,,,,,,,,,,,,,,,,,,,
,Market E,Plant A,Category C,FB.41486,03, 50 , 50 , -   , -   , -   , -   , -   , -   , -   , -   , -   , -   , -   , -   , -   , -   , -   , -   , -   , -   , -   , -   , -   , -   , -   ,,,,,,,,,,,,,,,,,,,,,,
,Market E,Plant A,Category C,FB.45770,04, 200 , 200 , 200 , 200 , 200 , 200 , 50 , 50 , 50 , 23 , 58 , -   , -   , -   , -   , -   , -   , -   , -   , -   , -   , -   , -   , -   , -   ,,,,,,,,,,,,,,,,,,,,,,
,Market E,Plant A,Category C,FB.55972,02," 5,400 "," 5,400 "," 5,400 ", -   , -   , -   , -   , -   , -   , -   , -   , -   , -   , -   , -   , -   , -   , -   , -   , -   , -   , -   , -   , -   , -   ,,,,,,,,,,,,,,,,,,,,,,
,Market E,Plant A,Category C,FB.57236,01, 600 , 600 , 600 , 600 , -   , -   , -   , -   , -   , -   , -   , -   , -   , -   , -   , -   , -   , -   , -   , -   , -   , -   , -   , -   , -   ,,,,,,,,,,,,,,,,,,,,,,
,Market E,Plant A,Category C,FB.57236,01,,,, -   , 600 , 600 , 169 , 169 , 169 , -   , -   , -   , -   , -   , -   , -   , -   , -   , -   , -   , -   , -   , -   , -   , -   ,,,,,,,,,,,,,,,,,,,,,,
,Market E,Plant A,Category C,FB.57240,02, 203 , 203 , 203 , -   , -   , -   , -   , -   , -   , -   , -   , -   , -   , -   , -   , -   , -   , -   , -   , -   , -   , -   , -   , -   , -   ,,,,,,,,,,,,,,,,,,,,,,
,Market E,Plant A,Category C,FB.57241,02, 503 , 503 , 503 , -   , -   , -   , -   , -   , -   , -   , -   , -   , -   , -   , -   , -   , -   , -   , -   , -   , -   , -   , -   , -   , -   ,,,,,,,,,,,,,,,,,,,,,,
,Market E,Plant A,Category C,FB.57243,04," 2,000 "," 2,000 "," 2,000 "," 2,000 "," 2,000 "," 2,000 ", -   , -   , -   , -   , -   , -   , -   , -   , -   , -   , -   , -   , -   , -   , -   , -   , -   , -   , -   ,,,,,,,,,,,,,,,,,,,,,,
,Market E,Plant A,Category C,FB.57244,01, 300 , 300 , 300 , 300 , 300 , 300 , 300 , 300 , 300 , 38 , 38 , -   , -   , -   , -   , -   , -   , -   , -   , -   , -   , -   , -   , -   , -   ,,,,,,,,,,,,,,,,,,,,,,
,Market E,Plant A,Category C,FB.57247,01, 375 , 375 , 375 , 375 , 375 , 375 , -   , -   , -   , -   , -   , -   , -   , -   , -   , -   , -   , -   , -   , -   , -   , -   , -   , -   , -   ,,,,,,,,,,,,,,,,,,,,,,
,Market E,Plant A,Category C,FB.57248,01,,,,,, 100 , 100 , -   , -   , -   , -   , -   , -   , -   , -   , -   , -   , -   , -   , -   , -   , -   , -   , -   , -   ,,,,,,,,,,,,,,,,,,,,,,
,Market E,Plant A,Category C,FB.57249,01, 150 , 150 , 150 , 150 , 150 , 30 , 30 , 30 , 30 , 30 , -   , -   , -   , -   , -   , -   , -   , -   , -   , -   , -   , -   , -   , -   , -   ,,,,,,,,,,,,,,,,,,,,,,
,Market E,Plant A,Category C,FB.57250,01, 150 , 150 , 150 , 150 , 150 , 150 , 150 , 150 , 150 , -   , -   , -   , -   , -   , -   , -   , -   , -   , -   , -   , -   , -   , -   , -   , -   ,,,,,,,,,,,,,,,,,,,,,,
,Market E,Plant A,Category B,FB.57252,02," 2,000 "," 2,000 "," 2,000 "," 2,000 "," 2,000 "," 2,000 ", -   , -   , -   , -   , -   , -   , -   , -   , -   , -   , -   , -   , -   , -   , -   , -   , -   , -   , -   ,,,,,,,,,,,,,,,,,,,,,,
,Market E,Plant A,Category B,FB.57253,01, -   , -   , -   , -   , 270 , 270 , 250 , -   , -   , -   , -   , -   , -   , -   , -   , -   , -   , -   , -   , -   , -   , -   , -   , -   , -   ,,,,,,,,,,,,,,,,,,,,,,
,Market E,Plant A,Category B,FB.57254,01,,," 2,000 ", -   , -   , -   , -   , -   , -   , -   , -   , -   , -   , -   , -   , -   , -   , -   , -   , -   , -   , -   , -   , -   , -   ,,,,,,,,,,,,,,,,,,,,,,
,Market E,Plant A,Category B,FB.57254,01," 1,800 "," 1,800 ", -   ," 1,000 ", 500 , 250 , -   , -   , -   , -   , -   , -   , -   , -   , -   , -   , -   , -   , -   , -   , -   , -   , -   , -   , -   ,,,,,,,,,,,,,,,,,,,,,,
,Market E,Plant A,Category B,FB.57255,01, -   , -   , -   , -   , -   , -   , -   , -   , -   , -   , -   , -   , -   , -   , -   , -   , -   , -   , -   , -   , -   , -   , -   , -   , -   ,,,,,,,,,,,,,,,,,,,,,,
,Market E,Plant A,Category B,FB.57256,01,,, 600 , -   , -   , -   , -   , -   , -   , -   , -   , -   , -   , -   , -   , -   , -   , -   , -   , -   , -   , -   , -   , -   , -   ,,,,,,,,,,,,,,,,,,,,,,
,Market E,Plant A,Category B,FB.57256,01, 300 , 300 , -   , -   , -   , -   , -   , -   , -   , -   , -   , -   , -   , -   , -   , -   , -   , -   , -   , -   , -   , -   , -   , -   , -   ,,,,,,,,,,,,,,,,,,,,,,
,Market E,Plant A,Category B,FB.57257,01," 1,000 "," 1,000 "," 1,000 "," 1,000 "," 1,000 ", -   , -   , -   , -   , -   , -   , -   , -   , -   , -   , -   , -   , -   , -   , -   , -   , -   , -   , -   , -   ,,,,,,,,,,,,,,,,,,,,,,
,Market E,Plant A,Category B,FB.57258,01, -   , -   , -   , -   , -   , -   , -   , -   , -   , -   , -   , -   , -   , -   , -   , -   , -   , -   , -   , -   , -   , -   , -   , -   , -   ,,,,,,,,,,,,,,,,,,,,,,
,Market E,Plant A,Category B,FB.57259,03, 125 , 125 , -   , -   , -   , -   , -   , -   , -   , -   , -   , -   , -   , -   , -   , -   , -   , -   , -   , -   , -   , -   , -   , -   , -   ,,,,,,,,,,,,,,,,,,,,,,
,Market E,Plant A,Category B,FB.57261,04, 150 , 150 , 150 , 150 , 150 , 150 , 150 , 150 , 150 , 45 , -   , -   , -   , -   , -   , -   , -   , -   , -   , -   , -   , -   , -   , -   , -   ,,,,,,,,,,,,,,,,,,,,,,
,Market E,Plant A,Category C,FB.60684,01, 300 , 300 , 300 , 300 , 300 , 450 , 50 , 50 , -   , -   , -   , -   , -   , -   , -   , -   , -   , -   , -   , -   , -   , -   , -   , -   , -   ,,,,,,,,,,,,,,,,,,,,,,
,Market E,Plant A,Category C,FB.60685,01, 200 , 200 , 200 , 200 , 200 , -   , -   , -   , -   , -   , -   , -   , -   , -   , -   , -   , -   , -   , -   , -   , -   , -   , -   , -   , -   ,,,,,,,,,,,,,,,,,,,,,,
,Market E,Plant A,Category F,FB.62669,03, -   ," 1,400 "," 1,400 ", -   , -   , -   , -   , -   , -   , -   , -   , -   , -   , -   , -   , -   , -   , -   , -   , -   , -   , -   , -   , -   , -   ,,,,,,,,,,,,,,,,,,,,,,
,Market E,Plant A,Category B,FB.66194,01,,,,, -   , 250 , 378 , 378 , 150 , 90 , -   , -   , -   , -   , -   , -   , -   , -   , -   , -   , -   , -   , -   , -   , -   ,,,,,,,,,,,,,,,,,,,,,,
,Market E,Plant A,Category C,B.07199,01,,,,,, 100 , 100 , 150 , 150 , -   , 46 , -   , -   , -   , -   , -   , -   , -   , -   , -   , -   , -   , -   , -   , -   ,,,,,,,,,,,,,,,,,,,,,,
,Market E,Plant A,Category F,FB.67624,03,,,,,,,,, 300 , -   , -   , -   , -   ,,,,,,,,,, -   , -   , -   ,,,,,,,,,,,,,,,,,,,,,,
,Market E,Plant A,Category F,FB.77614,04,,,,,,,,, 250 , -   , -   , 208 , 208 ,,,,,,,,,, -   , -   , 208 ,,,,,,,,,,,,,,,,,,,,,,
,Market E,Plant A,Category F,FB.72630,04,,,,,,,,,, 206 , 130 , -   , -   ,,,,,,,,,, -   , -   , -   ,,,,,,,,,,,,,,,,,,,,,,
,Market E,Plant A,Category B,FB.XXXXX,02," 2,000 "," 2,000 "," 1,000 ", -   , -   , -   , -   , -   , -   , -   , -   , -   , -   , -   , -   , -   , -   , -   , -   , -   , -   , -   , -   , -   , -   ,,,,,,,,,,,,,,,,,,,,,,
,Market E,Plant A,Category C,FB.XXXXX,01,, 315 , 315 , -   , -   , -   , -   , -   , -   , -   , -   , -   , -   , -   , -   , -   , -   , -   , -   , -   , -   , -   , -   , -   , -   ,,,,,,,,,,,,,,,,,,,,,,
,Market E,Plant A,Category C,N/A,02, 500 , 500 , 500 , -   , -   , -   , -   , -   , -   , -   , -   , -   , -   , -   , -   , -   , -   , -   , -   , -   , -   , -   , -   , -   , -   ,,,,,,,,,,,,,,,,,,,,,,
,Market E,Plant A,Category C,N/A,02," 2,000 "," 2,000 "," 2,000 ", -   , -   , -   , -   , -   , -   , -   , -   , -   , -   , -   , -   , -   , -   , -   , -   , -   , -   , -   , -   , -   , -   ,,,,,,,,,,,,,,,,,,,,,,
,Market E,Plant A,Category C,N/A,01,, -   , 100 , 100 , 100 , -   , -   , -   , -   , -   , -   , -   , -   , -   , -   , -   , -   , -   , -   , -   , -   , -   , -   , -   , -   ,,,,,,,,,,,,,,,,,,,,,,
,Market E,Plant A,Category C,N/A,02, 500 , 500 , 500 , 500 , 500 , 500 , 500 , 500 , -   , -   , -   , -   , -   , -   , -   , -   , -   , -   , -   , -   , -   , -   , -   , -   , -   ,,,,,,,,,,,,,,,,,,,,,,
,Market E,Plant A,Category C,N/A,01, -   , -   , -   , -   , -   , -   , -   , -   , -   , -   , -   , -   , -   , -   , -   , -   , -   , -   , -   , -   , -   , -   , -   , -   , -   ,,,,,,,,,,,,,,,,,,,,,,
,Market E,Plant A,Category C,N/A,01, -   , -   , -   , -   , -   , -   , -   , -   , -   , -   , -   , -   , -   , -   , -   , -   , -   , -   , -   , -   , -   , -   , -   , -   , -   ,,,,,,,,,,,,,,,,,,,,,,
2019-07,Market E,Plant B,Category A,A.03325,01,,,, -   , (0), (0), (0), 2 , 2 , 2 , 2 , 2 , 2 , -   , (0), -   , -   , 1 , 1 , -   , -   , -   , -   , -   , -   ,,,,,,,,,,,,,,,,,,,,,,
2019-07,Market E,Plant B,Category A,A.03379,01, 238 , 238 , 250 , 250 , 251 , 260 , 135 , 130 , 130 , 130 , 130 , 130 , 130 , 7 , 6 , 22 , 9 , 6 , 81 , -   , -   , -   , -   , -   , -   ,,,,,,,,,,,,,,,,,,,,,,
2019-07,Market E,Plant B,Category C,A.03390,01,,,, -   , (0), (0), (0), (0), (0), (0), (0), (0), (0), -   , (0), -   , -   , -   , -   , -   , -   , -   , -   , -   , -   ,,,,,,,,,,,,,,,,,,,,,,
2019-07,Market E,Plant B,Category C,A.03471,02, 129 , 146 , 146 , 146 , 147 , 147 , 147 , 147 , 158 , 158 , 158 , 104 , 104 , 27 , 2 , (26), 29 , 3 , 16 , 2 , 1 , 2 , -   , 30 , 20 ,,,,,,,,,,,,,,,,,,,,,,
2019-08,Market E,Plant B,Category C,A.03541,01, 464 , 454 , 454 , 454 , 436 , 436 , 455 , 457 , 432 , 419 , 418 , 402 , 402 , 4 , 81 , 24 , (55), 40 , 57 , 22 , 22 , 10 , 51 , 91 , 54 ,,,,,,,,,,,,,,,,,,,,,,
2020-01,Market E,Plant B,Category A,A.03648,02, 502 , 509 , 509 , 509 , 508 , 508 , 501 , 502 , 502 , 501 , 501 , 512 , 512 , -   , 53 , 12 , 217 , 14 , 57 , 17 , 42 , 15 , 12 , 65 , 7 ,,,,,,,,,,,,,,,,,,,,,,
2020-03,Market E,Plant B,Category A,A.03712,02," 1,896 "," 1,896 "," 1,896 "," 1,905 "," 1,906 "," 1,906 "," 1,906 "," 1,289 "," 1,772 "," 1,525 "," 1,525 "," 1,524 "," 1,524 ", 54 , 75 , 78 , 84 , 39 , 209 , 16 , 116 , 297 , 171 , 231 , 154 ,,,,,,,,,,,,,,,,,,,,,,
2020-05,Market E,Plant B,Category C,A.03761,02, -   , -   , -   , -   , -   , -   , -   , -   , -   , -   , -   , -   , -   , -   , -   , -   , -   , -   , -   , -   , -   , -   , -   , -   , -   ,,,,,,,,,,,,,,,,,,,,,,
2020-05,Market E,Plant B,Category C,A.03761,02, 640 , 686 , 686 , 686 , 685 , 686 , 551 , 554 , 554 , 550 , 544 , 561 , 561 , -   , -   , 31 , 5 , 200 , 26 , 66 , 57 , 14 , 76 , 50 , 34 ,,,,,,,,,,,,,,,,,,,,,,
,Market E,Plant B,Category C,A.03813,02," 1,859 "," 1,859 "," 1,859 "," 1,859 "," 1,859 "," 1,782 "," 1,721 "," 1,721 "," 1,645 "," 1,379 "," 1,531 "," 1,524 "," 1,524 ", -   , 26 , -   , 108 , 3 , 192 , 41 , 120 , 528 , 297 , 137 , 72 ,,,,,,,,,,,,,,,,,,,,,,
,Market E,Plant B,Category C,A.03813,02,,,,,,,,,,, 345 , 345 , 345 , 2 , -   , -   , -   , -   , 343 , -   , -   , -   , -   , -   , -   ,,,,,,,,,,,,,,,,,,,,,,
,Market E,Plant B,Category C,A.03813,02,,,,,,,,,,, (479), (479), (479), -   , -   , -   , -   , -   , -   , (479), -   , -   , -   , -   , -   ,,,,,,,,,,,,,,,,,,,,,,
,Market E,Plant B,Category F,B.05540,03,,,, -   , 2 , 2 , 2 , 2 , 2 , 2 , 2 , 2 , 2 , -   , -   , 2 , -   , -   , -   , -   , -   , -   , -   , -   , -   ,,,,,,,,,,,,,,,,,,,,,,
,Market E,Plant B,Category C,B.06056,01,,, -   , 23 , 23 , 23 , 17 , 17 , 17 , 23 , 23 , 23 , 23 , -   ," 1,204 ", -   , -   , -   , -   , -   , -   ," (1,181)", -   , -   , -   ,,,,,,,,,,,,,,,,,,,,,,
2019-07,Market E,Plant B,Category F,B.06383,03,, 35 , 35 , 25 , 27 , 16 , 31 , 14 , 15 , 27 , 32 , 31 , 31 , 8 , 13 , (7), (0), (1), 1 , 1 , 12 , 4 , 0 , -   , -   ,,,,,,,,,,,,,,,,,,,,,,
2019-07,Market E,Plant B,Category F,B.06385,04,,, 47 , 47 , 46 , 46 , 52 , 2 , 3 , 5 , 9 , 9 , 9 , 2 , -   , (1), (0), 1 , -   , 1 , 2 , 4 , 0 , -   , -   ,,,,,,,,,,,,,,,,,,,,,,
2019-07,Market E,Plant B,Category A,B.06387,01,,, 16 , 16 , 16 , 17 , 17 , 17 , 17 , 17 , 17 , 17 , 17 , 16 , -   , -   , 1 , -   , -   , -   , -   , 0 , -   , -   , -   ,,,,,,,,,,,,,,,,,,,,,,
,Market E,Plant B,Category F,B.06732,03,,,, -   , 1 , 1 , 1 , 1 , 1 , 1 , 1 , 0.8 , 1 , -   , 1 , -   , 0 , -   , -   , -   , -   , -   , -   , -   , -   ,,,,,,,,,,,,,,,,,,,,,,
2020-05,Market E,Plant B,Category F,B.06824,03,,,, -   , (6), 5 , 28 , 35 , 35 , 37 , 37 , 37 , 37 , (6), -   , 10 , 23 , 2 , 5 , 2 , -   , -   , -   , -   , -   ,,,,,,,,,,,,,,,,,,,,,,
2019-07,Market E,Plant B,Category F,B.06827,03, 487 , 455 , 455 , 548 , 544 , 595 , 531 , 496 , 484 , 526 , 557 , 603 , 603 , 24 , 52 , 170 , 52 , 56 , 9 , 34 , 37 , 65 , 4 , 50 , 50 ,,,,,,,,,,,,,,,,,,,,,,
2019-08,Market E,Plant B,Category A,B.06829,04, 27 , 27 , 27 , -   , -   , -   , -   , -   , -   , -   , -   , -   , -   ,,,,,,,,,,,,,,,,,,,,,,,,,,,,,,,,,,
2019-08,Market E,Plant B,Category F,B.06829,04, 100 , 100 , 142 , 142 , 50 , 51 , 17 , 16 , 23 , 32 , 32 , 32 , 32 , 10 , 11 , (1), 1 , 1 , (5), 6 , 5 , -   , 0 , 4 , -   ,,,,,,,,,,,,,,,,,,,,,,
2019-12,Market E,Plant B,Category C,B.06830,01, 40 , 25 , 25 , 25 , 25 , 25 , 25 , 29 , 29 , 28 , 27 , 27 , 27 , -   , 2 , -   , 11 , -   , 4 , -   , -   , -   , -   , 10 , -   ,,,,,,,,,,,,,,,,,,,,,,
2019-10,Market E,Plant B,Category A,B.06831,01, 403 , 345 , 354 , 256 , 287 , 252 , 241 , 242 , 242 , 294 , 285 , 272 , 272 , 32 , 35 , 54 , 22 , 11 , 1 , 17 , 3 , 6 , 9 , 0 , 83 ,,,,,,,,,,,,,,,,,,,,,,
,Market E,Plant B,Category F,B.07155,03,,,,,,,, 5 , 5 , 5 , 5 , 5 , 5 , -   , -   , -   , -   , 5 , -   , -   , -   , -   , -   , -   , -   ,,,,,,,,,,,,,,,,,,,,,,
,Market E,Plant B,Category A,B.07209,01, 54 , 54 , 63 , 63 , 65 , 65 , 65 , 65 , 65 , -   , -   , -   , -   , -   , -   , -   , -   , -   , -   ,, -   , -   , -   , -   , -   ,,,,,,,,,,,,,,,,,,,,,,
,Market E,Plant B,Category A,B.07209,02,,,,,,,,, 40 , -   , -   , -   , -   ,,,,,,,,,,,,,,,,,,,,,,,,,,,,,,,,,,
,Market E,Plant B,Category A,B.07209,02, 375 , 375 , 108 , 131 , 131 , 162 , 162 , 162 , 140 , 249 , 248 , 233 , 233 , -   , -   , -   , -   , 0 , -   , 11 , 3 , 53 , 68 , 26 , 72 ,,,,,,,,,,,,,,,,,,,,,,
,Market E,Plant B,Category C,B.07210,01,,,, -   , -   , 100 , 100 , 100 , 185 , 95 , 95 , 88 , 88 , -   , -   , -   , -   , -   , -   , -   , -   , -   , 11 , 22 , 55 ,,,,,,,,,,,,,,,,,,,,,,
,Market E,Plant B,Category F,B.07213,03," 1,700 "," 1,700 ", 725 , 635 , 634 , 639 , 639 , 939 , 643 , 607 , 614 , 564 , 564 , -   , -   , -   , 5 , 16 , 53 , 78 , 24 , 6 , 21 , 217 , 145 ,,,,,,,,,,,,,,,,,,,,,,
,Market E,Plant B,Category F,B.07214,03,,," 1,150 ", 849 , 849 , 849 , 878 , 878 , 863 ," 1,095 "," 1,041 ", 807 , 807 , -   , -   , -   , -   , 3 , 107 , 57 , 79 , 86 , 89 , 232 , 154 ,,,,,,,,,,,,,,,,,,,,,,
,Market E,Plant B,Category F,B.07215,04,,, 150 , 150 , 150 , 275 , 75 , 75 , -   , -   , -   , -   , -   , -   , -   , -   , -   , -   , -   , -   , -   , -   , -   , -   , -   ,,,,,,,,,,,,,,,,,,,,,,
,Market E,Plant B,Category F,B.07216,04,,, 254 , 300 , 303 , 305 , 305 , 305 , 316 , 225 , 225 , 200 , 200 , -   , -   , 3 , 2 , 9 , 30 , -   , 52 , -   , 1 , 50 , 55 ,,,,,,,,,,,,,,,,,,,,,,
,Market E,Plant B,Category C,FB.25152,03, 25 , 25 , -   , -   , -   , -   , -   , -   , -   , -   , -   , -   , -   , -   , -   , -   , -   , -   , -   , -   , -   , -   , -   , -   , -   ,,,,,,,,,,,,,,,,,,,,,,
,Market E,Plant B,Category C,FB.31000,03, 50 , 50 , -   , -   , -   , -   , -   , -   , -   , -   , -   , -   , -   , -   , -   , -   , -   , -   , -   , -   , -   , -   , -   , -   , -   ,,,,,,,,,,,,,,,,,,,,,,
,Market E,Plant B,Category C,FB.32832,02, 45 , 45 , -   , -   , -   , -   , -   , -   , -   , -   , -   , -   , -   , -   , -   , -   , -   , -   , -   , -   , -   , -   , -   , -   , -   ,,,,,,,,,,,,,,,,,,,,,,
,Market E,Plant B,Category C,FB.33154,04, 90 , 90 , 90 , 90 , 90 , 90 , -   , -   , -   , -   , -   , -   , -   , -   , -   , -   , -   , -   , -   , -   , -   , -   , -   , -   , -   ,,,,,,,,,,,,,,,,,,,,,,
,Market E,Plant B,Category C,FB.35045,02,,, 113 , -   , -   , -   , -   , -   , -   , -   , -   , -   , -   ,,,,,,,,,,,,,,,,,,,,,,,,,,,,,,,,,,
,Market E,Plant B,Category C,FB.35045,02, 113 , 113 , -   , 113 , 113 , 113 , 86 , 86 , -   , -   , -   , -   , -   , -   , -   , -   , -   , -   , -   , -   , -   , -   , -   , -   , -   ,,,,,,,,,,,,,,,,,,,,,,
,Market E,Plant B,Category C,FB.36518,02, -   , -   , -   , -   , -   , -   , -   , -   , -   , -   , -   , -   , -   ,,,,,,,,,,,,,,,,,,,,,,,,,,,,,,,,,,
,Market E,Plant B,Category C,FB.47543,02, -   , -   , -   , -   , -   , -   , -   , -   , -   , -   , -   , -   , -   , -   , -   , -   , -   , -   , -   , -   , -   , -   , -   , -   , -   ,,,,,,,,,,,,,,,,,,,,,,
,Market E,Plant B,Category C,FB.50721,04, 200 , 200 , 200 , 200 , 250 , 250 , -   , -   , -   , -   , -   , -   , -   , -   , -   , -   , -   , -   , -   , -   , -   , -   , -   , -   , -   ,,,,,,,,,,,,,,,,,,,,,,
,Market E,Plant B,Category C,FB.51077,02,, -   , 950 , -   , -   , -   , -   , -   , -   , -   , -   , -   , -   ,,,,,,,,,,,,,,,,,,,,,,,,,,,,,,,,,,
,Market E,Plant B,Category F,FB.51077,04, 855 , 855 , -   , 198 , 198 , -   , -   , -   , -   , -   , -   , -   , -   , -   , -   , -   , -   , -   , -   , -   , -   , -   , -   , -   , -   ,,,,,,,,,,,,,,,,,,,,,,
,Market E,Plant B,Category C,FB.51079,01,,, 400 , 400 , 400 , 400 , -   , -   , -   , -   , -   , -   , -   ,,,,,,,,,,,,,,,,,,,,,,,,,,,,,,,,,,
,Market E,Plant B,Category C,FB.51079,01, 300 , 300 , -   , -   , -   , -   , -   , -   , -   , -   , -   , -   , -   , -   , -   , -   , -   , -   , -   , -   , -   , -   , -   , -   , -   ,,,,,,,,,,,,,,,,,,,,,,
,Market E,Plant B,Category C,FB.51080,01, 600 , 600 , 600 , 600 , -   , -   , -   , -   , -   , -   , -   , -   , -   , -   , -   , -   , -   , -   , -   , -   , -   , -   , -   , -   , -   ,,,,,,,,,,,,,,,,,,,,,,
,Market E,Plant B,Category C,FB.51080,01,,,, -   , 600 , 600 , -   , -   , -   , -   , -   , -   , -   , -   , -   , -   , -   , -   , -   , -   , -   , -   , -   , -   , -   ,,,,,,,,,,,,,,,,,,,,,,
,Market E,Plant B,Category C,FB.56295,01, 200 , 200 , 200 , 200 , 200 , -   , -   , -   , -   , -   , -   , -   , -   , -   , -   , -   , -   , -   , -   , -   , -   , -   , -   , -   , -   ,,,,,,,,,,,,,,,,,,,,,,
,Market E,Plant B,Category A,FB.58395,01,,, 340 , -   , -   , -   , -   , -   , -   , -   , -   , -   , -   , -   , -   , -   , -   , -   , -   , -   , -   , -   , -   , -   , -   ,,,,,,,,,,,,,,,,,,,,,,
,Market E,Plant B,Category A,FB.58395,01, 306 , 306 , -   , 100 , 270 , 270 , 126 , -   , -   , -   , -   , -   , -   , -   , -   , -   , -   , -   , -   , -   , -   , -   , -   , -   , -   ,,,,,,,,,,,,,,,,,,,,,,
,Market E,Plant B,Category A,FB.58400,04, 250 , 250 , 250 , 250 , 250 , 200 , 200 , 200 , 200 , -   , -   , -   , -   , -   , -   , -   , -   , -   , -   , -   , -   , -   , -   , -   , -   ,,,,,,,,,,,,,,,,,,,,,,
,Market E,Plant B,Category A,FB.58403,01,,, 300 , 300 , -   , -   , -   , -   , -   , -   , -   , -   , -   ,,,,,,,,,,,,,,,,,,,,,,,,,,,,,,,,,,
,Market E,Plant B,Category A,FB.58403,01, 150 , 150 , -   , -   , -   , -   , -   , -   , -   , -   , -   , -   , -   , -   , -   , -   , -   , -   , -   , -   , -   , -   , -   , -   , -   ,,,,,,,,,,,,,,,,,,,,,,
,Market E,Plant B,Category A,FB.58404,02, -   , -   , -   , -   , -   , -   , -   , -   , -   , -   , -   , -   , -   , -   , -   , -   , -   , -   , -   , -   , -   , -   , -   , -   , -   ,,,,,,,,,,,,,,,,,,,,,,
,Market E,Plant B,Category A,FB.58406,04,, -   , -   , -   , -   , -   , -   , -   , -   , -   , -   , -   , -   , -   , -   , -   , -   , -   , -   , -   , -   , -   , -   , -   , -   ,,,,,,,,,,,,,,,,,,,,,,
,Market E,Plant B,Category F,FB.58793,04, 400 , 400 , -   , -   , -   , -   , -   , -   , -   , -   , -   , -   , -   , -   , -   , -   , -   , -   , -   , -   , -   , -   , -   , -   , -   ,,,,,,,,,,,,,,,,,,,,,,
,Market E,Plant B,Category F,FB.60633,03,,,,,,, 450 , 450 , 994 , -   , -   , -   , -   ,,,,,,,,,,,,,,,,,,,,,,,,,,,,,,,,,,
,Market E,Plant B,Category F,FB.60715,04, 200 , 200 , 200 , 400 , 500 , 500 , 500 , 500 , 120 , -   , -   , -   , -   , -   , -   , -   , -   , -   , -   , -   , -   , -   , -   , -   , -   ,,,,,,,,,,,,,,,,,,,,,,
,Market E,Plant B,Category A,FB.60737,02, 380 , 380 , 150 , 150 , 150 , 150 , 150 , 120 , 122 , -   , -   , -   , -   , -   , -   , -   , -   , -   , -   , -   , -   , -   , -   , -   , -   ,,,,,,,,,,,,,,,,,,,,,,
,Market E,Plant B,Category F,FB.60763,04, 410 , 410 , 410 , 410 , 510 , 510 , 500 , 207 , 200 , 100 , -   , -   , -   , -   , -   , -   , -   , -   , -   , -   , -   , -   , -   , -   , -   ,,,,,,,,,,,,,,,,,,,,,,
,Market E,Plant B,Category A,FB.61069,02, 110 , 110 , 130 , 130 , 130 , 130 , -   , -   , -   , -   , -   , -   , -   ,,,,,,,,,,,,,,,,,,,,,,,,,,,,,,,,,,
,Market E,Plant B,Category A,FB.61071,02,, 175 , 113 , 158 , 158 , 167 , 167 , -   , -   , -   , -   , -   , -   , -   , -   , -   , -   , -   , -   , -   , -   , -   , -   , -   , -   ,,,,,,,,,,,,,,,,,,,,,,
,Market E,Plant B,Category A,FB.XXXXX,02, 200 , 200 , 200 , 200 , 200 , -   , -   , -   , -   , -   , -   , -   , -   ,,,,,,,,,,,,,,,,,,,,,,,,,,,,,,,,,,
,Market E,Plant B,Category A,FB.XXXXX,02, 175 , 175 , 175 , -   , -   , -   , -   , -   , -   , -   , -   , -   , -   ,,,,,,,,,,,,,,,,,,,,,,,,,,,,,,,,,,
,Market E,Plant B,Category F,N/A,03, 500 , -   , -   , -   , -   , -   , -   , -   , -   , -   , -   , -   , -   ,,,,,,,,,,,,,,,,,,,,,,,,,,,,,,,,,,
,Market E,Plant B,Category A,N/A,02, -   , -   , -   , -   , -   , -   , -   , -   , -   , -   , -   , -   , -   ,,,,,,,,,,,,,,,,,,,,,,,,,,,,,,,,,,
,Market E,Dummy,Category F,FB.50913,03,,, 300 , 300 , 300 , -   , -   , -   , -   , -   , -   , -   , -   ,,,,,,,,,,,,,,,,,,,,,,,,,,,,,,,,,,
,Market E,Dummy,Category F,FB.50913,03, 300 , 300 , -   , -   , -   , -   , -   , -   , -   , -   , -   , -   , -   ,,,,,,,,,,,,,,,,,,,,,,,,,,,,,,,,,,
,Market E,Dummy,Category C,N/A,03,,, 350 , 350 , 350 , -   , -   , -   , -   , -   , -   , -   , -   ,,,,,,,,,,,,,,,,,,,,,,,,,,,,,,,,,,
2019-07,Market E,Plant D,Category C,A.03180,02,,,,,,, 4 , 4 , 4 , 4 , 4 , 4 , 4 , -   , -   , -   , -   , 4 , -   , -   , -   , -   , -   , -   , -   ,,,,,,,,,,,,,,,,,,,,,,
2019-07,Market E,Plant D,Category C,A.03387,01,,,,,,,,, (2), (2), (2), (2), (2), -   , -   , -   , -   , -   , -   , (2), -   , -   , -   , -   , -   ,,,,,,,,,,,,,,,,,,,,,,
2019-07,Market E,Plant D,Category C,A.03446,02, 26 , 26 , 3 , 3 , 3 , 3 , 3 , 3 , 3 , 3 , 3 , 3 , 3 , 3 , -   , -   , -   , -   , -   , -   , -   , -   , -   , -   , -   ,,,,,,,,,,,,,,,,,,,,,,
2019-07,Market E,Plant D,Category C,A.03537,01, 16 , 11 , 9 , 9 , 9 , 10 , 3 , 5 , 6 , 5 , 5 , 5 , 5 , 2 , -   , 0 , 1 , -   , -   , 3 , (1), -   , -   , -   , -   ,,,,,,,,,,,,,,,,,,,,,,
2019-10,Market E,Plant D,Category C,A.03568,02, 258 , 180 , 179 , 179 , 201 , 164 , 186 , 193 , 180 , 215 , 229 , 200 , 200 , 4 , 2 , 36 , (21), 30 , 6 , 59 , 16 , 14 , 31 , 23 , -   ,,,,,,,,,,,,,,,,,,,,,,
2020-03,Market E,Plant D,Category C,A.03699,02, 354 , 322 , 360 , 308 , 289 , 299 , 299 , 294 , 296 , 297 , 297 , 291 , 291 , 5 , 160 , 63 , 27 , 12 , 2 , 20 , -   , 0 , 2 , -   , -   ,,,,,,,,,,,,,,,,,,,,,,
2019-09,Market E,Plant D,Category F,B.06805,03, -   , -   , 3 , 3 , 17 , 17 , 17 , 25 , 17 , 17 , 17 , 25 , 25 , 3 , 13 , 0 , 0 , (0), -   , -   , -   , 0 , 7 , -   , -   ,,,,,,,,,,,,,,,,,,,,,,
2019-09,Market E,Plant D,Category F,B.06807,04,,,, (1), 30 , 3 , 24 , 43 , 44 , 44 , 47 , 44 , 44 , -   , (1), 31 , (27), 21 , 19 , 1 , -   , 3 , (3), -   , -   ,,,,,,,,,,,,,,,,,,,,,,
2019-12,Market E,Plant D,Category C,B.06808,01,,,, 56 , 57 , 57 , 21 , 21 , 21 , 21 , 21 , 21 , 21 , -   , 31 , 0 , -   , (10), -   , -   , -   , -   , -   , -   , -   ,,,,,,,,,,,,,,,,,,,,,,
,Market E,Plant D,Category F,B.07177,03, 320 , 320 , 320 , 376 , 404 , 382 , 642 , 642 , 629 , 790 , 748 , 831 , 831 , -   , 28 , 29 , 7 , 43 , 34 , 21 , 15 , 58 , 60 , 240 , 296 ,,,,,,,,,,,,,,,,,,,,,,
,Market E,Plant D,Category F,B.07177,03,,,,,,,, -   , 150 , -   , -   , -   , -   ,,,,,,,,,,,,,,,,,,,,,,,,,,,,,,,,,,
,Market E,Plant D,Category C,B.07178,03, 25 , 25 , -   , -   , -   , -   , -   , -   , -   , -   , -   , -   , -   , -   , -   ,,,,,,,,,,,,,,,,,,,,,,,,,,,,,,,,
,Market E,Plant D,Category F,B.07179,04, 212 , 212 , 212 , 229 , 230 , 250 , 222 , 222 , 231 , 192 , 173 , 207 , 207 , -   , 0 , 0 , 20 , 49 , 38 , 9 ,1, 20 , 9 , 4 , 57 ,,,,,,,,,,,,,,,,,,,,,,
,Market E,Plant D,Category C,B.07211,02, 100 , 100 , 100 , 45 , 45 , 45 , 78 , 87 , 83 , 142 , 142 , 77 , 77 , -   , -   , -   , 0 , 67 , 7 , 2 , 0 , -   , -   , -   , -   ,,,,,,,,,,,,,,,,,,,,,,
,Market E,Plant D,Category C,FB.25015,04, 200 , 200 , 200 , 200 , 200 , 200 , -   , -   , -   , -   , -   , -   , -   , -   , -   , -   , -   , -   , -   , -   , -   , -   , -   , -   , -   ,,,,,,,,,,,,,,,,,,,,,,
,Market E,Plant D,Category C,FB.31001,03, 50 , 50 , -   , -   , -   , -   , -   , -   , -   , -   , -   , -   , -   ,,,,,,,,,,,,,,,,,,,,,,,,,,,,,,,,,,
,Market E,Plant D,Category C,FB.38261,04,,, 90 , -   , -   , -   , -   , -   , -   , -   , -   , -   , -   ,,,,,,,,,,,,,,,,,,,,,,,,,,,,,,,,,,
,Market E,Plant D,Category C,FB.38261,04, 90 , 90 , -   , 90 , 90 , 90 , -   , -   , -   , -   , -   , -   , -   , -   , -   , -   , -   , -   ,, -   , -   , -   , -   , -   , -   ,,,,,,,,,,,,,,,,,,,,,,
,Market E,Plant D,Category C,FB.41487,02, -   , -   , -   , -   , -   , -   , -   , -   , -   , -   , -   , -   , -   ,,,,,,,,,,,,,,,,,,,,,,,,,,,,,,,,,,
,Market E,Plant D,Category C,FB.47545,02, 360 , 360 , -   , -   , -   , -   , -   , -   , -   , -   , -   , -   , -   ,,,,,,,,,,,,,,,,,,,,,,,,,,,,,,,,,,
,Market E,Plant D,Category C,FB.51085,01,,, 400 , 400 , 400 , 400 , -   , -   , -   , -   , -   , -   , -   ,,,,,,,,,,,,,,,,,,,,,,,,,,,,,,,,,,
,Market E,Plant D,Category C,FB.51085,01, 300 , 300 , -   , -   , -   , -   , -   , -   , -   , -   , -   , -   , -   ,,,,,,,,,,,,,,,,,,,,,,,,,,,,,,,,,,
,Market E,Plant D,Category C,FB.51086,01, 300 , 300 , 300 , 300 , 300 , 300 , 300 , 300 , 300 , -   , -   , -   , -   , -   , -   , -   , -   , -   , -   , -   , -   , -   , -   , -   , -   ,,,,,,,,,,,,,,,,,,,,,,
,Market E,Plant D,Category C,FB.51087,01, 600 , 600 , 600 , 600 , 600 , 600 , 150 , 150 , 150 , -   , -   , -   , -   , -   , -   , -   , -   , -   , -   , -   , -   , -   , -   , -   , -   ,,,,,,,,,,,,,,,,,,,,,,
,Market E,Plant D,Category C,FB.56212,01, 360 , 360 , 360 , 360 , 360 , 360 , 248 , 248 , 117 , -   , 72 , 36 , 36 , -   , -   , -   , -   , -   , -   , -   , -   , -   , -   , -   , 36 ,,,,,,,,,,,,,,,,,,,,,,
,Market E,Plant D,Category F,FB.58718,04, 140 , 140 , 140 , -   , -   , -   , -   , -   , -   , -   , -   , -   , -   ,,,,,,,,,,,,,,,,,,,,,,,,,,,,,,,,,,
,Market E,Plant D,Category F,N/A,03, 200 , 200 , 200 , -   , -   , -   , -   , -   , -   , -   , -   , -   , -   ,,,,,,,,,,,,,,,,,,,,,,,,,,,,,,,,,,
,Market E,Plant D,Category C,N/A,02," 1,200 "," 1,200 "," 1,680 ", -   , -   , -   , -   , -   , -   , -   , -   , -   , -   ,,,,,,,,,,,,,,,,,,,,,,,,,,,,,,,,,,
,Market E,Plant F,Category C,N/A,02," 15,000 "," 15,000 "," 7,500 "," 6,000 "," 6,000 "," 6,000 "," 3,000 "," 1,000 "," 1,000 ", -   , -   , -   , -   ,,,,,,,,,,,,,,,,,,,,,,,,,,,,,,,,,,
,Market F,Dummy,Category F,FB.50914,04, 200 , 200 , -   , -   , -   , -   , -   , -   , -   , -   , -   , -   , -   , -   , -   , -   , -   , -   , -   , -   , -   , -   , -   , -   , -   ,,,,,,,,,,,,,,,,,,,,,,
2019-07,Market F,Plant E,Category D,A.02453,02," 3,690 "," 3,690 "," 3,422 "," 3,449 "," 3,472 "," 3,872 "," 3,878 "," 3,781 "," 3,672 "," 4,000 "," 4,071 "," 4,046 "," 4,046 ", 281 , 853 ," 1,327 ", 109 , 185 , 213 , 77 , 41 , 472 , 20 , 32 , 436 ,,,,,,,,,,,,,,,,,,,,,,
2019-07,Market F,Plant E,Category D,A.02453,02,,,,,,,,,,, -   , 1 , 1 , -   , -   , (2), 3 , -   , -   , -   , -   , -   , -   , -   , -   ,,,,,,,,,,,,,0,0,0,0,0,0,0,0,0,0
2019-07,Market F,Plant E,Category D,A.02453,02,,,,,,,,,,, -   , (2), (2), (2), -   , -   , -   , -   , -   , -   , -   , -   , -   , -   , -   ,,,,,,,,,,,,,0,0,0,0,0,0,0,0,0,0
2019-07,Market F,Plant E,Category D,A.02453,02,,,,,,,,,,, -   , 2 , 2 , (22), -   , -   , -   , -   , -   , 24 , -   , -   , -   , -   , -   ,,,,,,,,,,,,,0,0,0,0,0,0,0,0,0,0
2019-07,Market F,Plant E,Category D,A.02460,03,,, 130 , 142 , 145 , 145 , 206 , 203 , 203 , 203 , 230 , 237 , 237 , -   , 15 , 10 , 8 , 3 , 47 , 63 , 32 , 30 , 20 , 11 , (2),,,,,,,,,,,,,,,,,,,,,,
2019-07,Market F,Plant E,Category D,A.02744,04, -   ,, 31 , 31 , 31 , 31 , 31 , 31 , 31 , 31 , 31 , 31 , 31 , 31 , -   , -   , 0 , -   , -   , -   , -   , -   , -   , -   , -   ,,,,,,,,,,,,,,,,,,,,,,
2019-07,Market F,Plant E,Category C,A.03235,01, -   , 2 , 2 , -   , (0), (0), (0), (0), (0), (0), (0), (0), (0), -   , -   , (0), -   , -   , -   , -   , -   , -   , -   , -   , -   ,,,,,,,,,,,,,,,,,,,,,,
2019-07,Market F,Plant E,Category E,A.03273,04," 2,175 "," 2,175 "," 2,175 "," 2,175 "," 1,170 "," 1,170 "," 2,000 "," 2,029 "," 2,039 "," 2,006 "," 2,000 "," 1,891 "," 1,891 ", 62 , 32 , 25 , 80 , 88 , 272 , 30 , 207 , 395 , 39 , 524 , 137 ,,,,,,,,,,,,,,,,,,,,,,
2019-07,Market F,Plant E,Category B,A.03318,02," 1,890 "," 1,890 "," 2,005 "," 2,052 "," 2,101 "," 2,101 "," 2,110 "," 2,169 "," 2,174 "," 2,203 "," 2,183 "," 2,168 "," 2,168 ", 246 , 164 , 163 , 93 , 694 , 81 , 51 , 38 , 533 , 26 , 34 , 44 ,,,,,,,,,,,,,,,,,,,,,,
2019-07,Market F,Plant E,Category B,A.03318,02," 1,000 ", -   , -   , -   , -   , -   , -   , -   , -   , -   , -   , -   , -   , -   , -   , -   , -   , -   , -   , -   , -   , -   , -   , -   , -   ,,,,,,,,,,,,,,,,,,,,,,
2019-07,Market F,Plant E,Category D,A.03339,02,, -   , 1 , 1 , 1 , 1 , 1 , 3 , 3 , 1 , 3 , 3 , 3 , 1 , 1 , 1 , -   , -   , -   , -   , -   , -   , -   , -   , -   ,,,,,,,,,,,,,,,,,,,,,,
2019-07,Market F,Plant E,Category B,A.03366,01,, -   , 24 , 24 , 24 , 24 , 24 , 24 , 24 , 24 , 26 , 24 , 24 , 24 , (0), -   , -   , -   , -   , -   , -   , -   , -   , -   , -   ,,,,,,,,,,,,,,,,,,,,,,
2019-07,Market F,Plant E,Category B,A.03366,01,,,,,,,,,,, -   , 2 , 2 , -   , -   , -   , -   , 2 , -   , -   , -   , -   , -   , -   , -   ,,,,,,,,,,,,,,,,,,,,,,
2019-07,Market F,Plant E,Category B,A.03395,02, 248 , 248 , 248 , 248 , 253 , 253 , 253 , 258 , 258 , 260 , 302 , 281 , 281 , -   , -   , 38 , -   , -   , 11 , -   , 11 , 19 , 7 , 103 , 92 ,,,,,,,,,,,,,,,,,,,,,,
2019-07,Market F,Plant E,Category D,A.03453,01, -   , -   , -   , -   , -   , -   , -   , -   , -   , -   , -   , -   , -   , -   , -   , -   , -   , -   , -   , -   , -   , -   , -   , -   , -   ,,,,,,,,,,,,,,,,,,,,,,
2019-07,Market F,Plant E,Category D,A.03453,01," 1,400 "," 1,400 "," 1,400 ", -   , -   , -   , -   , -   , -   , -   , -   , -   , -   , -   , -   , -   , -   , -   , -   , -   , -   , -   , -   , -   , -   ,,,,,,,,,,,,,,,,,,,,,,
2019-07,Market F,Plant E,Category C,A.03489,01, 90 , 90 , 74 , 73 , 74 , 74 , 67 , 68 , 68 , 68 , 68 , 68 , 68 , 33 , 8 , 9 , 3 , -   , 15 , -   , -   , -   , -   , -   , -   ,,,,,,,,,,,,,,,,,,,,,,
2019-07,Market F,Plant E,Category C,A.03534,01, -   , -   , 75 , 76 , 77 , 77 , 74 , 75 , 75 , 75 , 75 , 75 , 75 , 3 , 28 , 7 , 10 , 5 , 20 , -   , -   , -   , -   , -   , -   ,,,,,,,,,,,,,,,,,,,,,,
2019-08,Market F,Plant E,Category B,A.03560,01, 675 , 675 , 672 , 672 , 688 , 688 , 482 , 482 , 482 , 443 , 443 , 443 , 443 , 66 , 224 , 22 , 109 , 68 , (71), -   , 4 , 17 , -   , 5 , -   ,,,,,,,,,,,,,,,,,,,,,,
2019-08,Market F,Plant E,Category D,A.03571,01, 276 , 276 , 276 , 276 , 281 , 126 , 126 , 126 , 126 , 126 , 126 , 126 , 126 , (8), (0), 134 , -   , (0), -   , -   , -   , -   , -   , -   , -   ,,,,,,,,,,,,,,,,,,,,,,
2019-09,Market F,Plant E,Category C,A.03580,01, 130 , 130 , 147 , 147 , 150 , 150 , 149 , 148 , 142 , 142 , 142 , 142 , 142 , 17 , -   , 112 , 13 , 0 , -   , -   , -   , -   , -   , -   , -   ,,,,,,,,,,,,,,,,,,,,,,
2020-01,Market F,Plant E,Category B,A.03674,02," 17,550 "," 13,230 "," 13,185 "," 13,185 "," 11,160 ", -   , -   , -   , (271), (417), (266), 0 , 0 , 1 , -   , 33 , 90 , 12 , 2 , 35 , (439), -   , -   , -   , 266 ,,,,,,,,,,,,,,,,,,,,,,
2020-01,Market F,Plant E,Category B,A.03674,02,,,,,,,,," 1,000 ", -   , -   , -   , -   ,,,,,,,,,,,,,,,,,,,,,,,,,,,,,,,,,,
2020-01,Market F,Plant E,Category D,A.03676,01," 5,419 "," 5,419 "," 5,400 "," 5,400 "," 5,490 "," 5,126 "," 5,386 "," 5,477 "," 5,621 "," 4,847 "," 4,762 "," 4,582 "," 4,582 ", 97 , 229 , 238 , 161 , 144 ," 1,051 ", 571 , 102 , 386 , 721 , 591 , 291 ,,,,,,,,,,,,,,,,,,,,,,
2020-01,Market F,Plant E,Category D,A.03676,01,,,,,,,,,,," (1,480)"," (1,480)"," (1,480)", -   , (49), -   , -   , -   , (777), (37), -   , -   , (616), -   , -   ,,,,,,,,,,,,,,,,,,,,,,
2020-01,Market F,Plant E,Category D,A.03676,01,,,,,,,,,,," 1,161 "," 1,161 "," 1,161 ", 54 , 9 , 1 , 136 , (0), 542 , (5), 8 , -   , 417 , -   , -   ,,,,,,,,,,,,,,,,,,,,,,
2020-02,Market F,Plant E,Category D,A.03680,01, 249 , 249 , 248 , 248 , 251 , 251 , 186 , 187 , 187 , 35 , 187 , 187 , 187 , 101 , 0 , 77 , 1 , -   , 8 , 0 , -   , -   , -   , -   , -   ,,,,,,,,,,,,,,,,,,,,,,
2020-03,Market F,Plant E,Category B,A.03710,01," 2,912 "," 2,538 "," 2,268 "," 2,268 "," 2,315 "," 2,315 "," 2,479 "," 2,508 "," 2,315 "," 1,898 "," 1,820 "," 1,793 "," 1,793 ", 10 , 15 , 599 , 42 , 101 , 478 , 138 , 74 , 196 , 41 , 84 , 15 ,,,,,,,,,,,,,,,,,,,,,,
2020-04,Market F,Plant E,Category F,A.03725,03, 246 , 246 , 185 , 185 , 191 , 245 , 245 , 247 , 247 , 244 , 241 , 235 , 235 , -   , 113 , -   , -   , -   , 1 , -   , 1 , -   , 29 , 92 , -   ,,,,,,,,,,,,,,,,,,,,,,
2020-04,Market F,Plant E,Category B,A.03727,01," 2,982 "," 1,926 "," 1,746 "," 1,746 "," 1,785 "," 1,785 "," 1,785 "," 1,791 "," 1,665 "," 1,422 "," 1,282 "," 1,279 "," 1,279 ", 77 , 97 , 191 , 5 , 106 , 244 , 39 , 78 , 23 , 16 , 39 , 364 ,,,,,,,,,,,,,,,,,,,,,,
2020-05,Market F,Plant E,Category C,A.03757,01," 1,459 "," 1,459 "," 1,454 "," 1,454 "," 1,485 "," 1,430 "," 1,422 "," 1,433 "," 1,408 "," 1,393 "," 1,391 "," 1,400 "," 1,400 ", 1 , 84 , 576 , 67 , 113 , 33 , 305 , 136 , 28 , 6 , 43 , 9 ,,,,,,,,,,,,,,,,,,,,,,
2020-05,Market F,Plant E,Category C,A.03760,01," 1,362 "," 1,362 "," 1,357 "," 1,357 "," 3,690 "," 3,690 "," 3,690 "," 2,419 "," 2,180 "," 1,689 "," 1,656 "," 1,748 "," 1,748 ", -   , -   , 48 , (1), 32 , 290 , 8 , 78 , 381 , 64 , 48 , 801 ,,,,,,,,,,,,,,,,,,,,,,
,Market F,Plant E,Category F,A.03836,03,,, 808 , 808 , 824 , 824 , 824 , 789 , 795 , 515 , 501 , 484 , 484 , -   , -   , -   , -   , 0 , 13 , 4 , -   , 78 , 381 , 0 , 7 ,,,,,,,,,,,,,,,,,,,,,,
,Market F,Plant E,Category B,A.03866,02," 1,458 "," 1,458 "," 1,392 "," 1,392 "," 1,392 "," 1,392 "," 1,392 ", 900 , 906 , 921 ," 1,200 "," 1,152 "," 1,152 ", -   , -   , -   , -   , -   , 5 , 43 , -   , -   , 94 , -   ," 1,009 ",,,,,,,,,,,,,,,,,,,,,,
,Market F,Plant E,Category C,A.03868,04," 1,000 "," 1,000 ", 720 , 810 , 827 , 500 , 495 , 429 , 429 , 385 , 364 , 344 , 344 , -   , -   , -   , -   , 10 , 207 , 12 , 82 , 11 , 10 , -   , 13 ,,,,,,,,,,,,,,,,,,,,,,
,Market F,Plant E,Category B,A.03886,01," 2,000 "," 3,000 "," 3,701 "," 3,701 "," 2,610 "," 2,610 ", -   , 44 , 43 , 45 , 45 , 45 , 45 , -   , -   , -   , -   , 2 , 217 ,0, (174), -   , -   , -   , -   ,,,,,,,,,,,,,,,,,,,,,,
,Market F,Plant E,Category C,A.03889,04, 360 , 360 , 360 , 990 ," 1,080 "," 1,080 "," 1,080 "," 1,098 ", 650 , 368 , 349 , 346 , 346 , -   , -   , -   , -   , -   , 1 , -   , 38 , 214 , 17 , 52 , 24 ,,,,,,,,,,,,,,,,,,,,,,
,Market F,Plant E,Category B,A.03897,01,,, -   ," 2,000 "," 3,300 "," 3,300 "," 3,300 "," 3,357 "," 3,375 "," 2,415 "," 2,553 "," 2,702 "," 2,702 ", -   , -   , -   , -   , 118 , 5 , 34 , 537 , 461 , 315 , 429 , 803 ,,,,,,,,,,,,,,,,,,,,,,
,Market F,Plant E,Category C,A.03918,01, 800 , 800 ," 1,000 "," 1,000 "," 1,000 ", 990 , 990 ," 1,007 ", 600 , 358 , 358 , 346 , 346 , -   , -   , -   , -   , -   , 28 , -   , -   , 45 , 87 , 92 , 94 ,,,,,,,,,,,,,,,,,,,,,,
,Market F,Plant E,Category D,A.03923,04, 800 , 800 , 800 , 800 , 800 ," 1,500 "," 1,500 "," 1,525 "," 1,536 "," 1,536 "," 1,949 "," 1,969 "," 1,969 ", -   , -   , -   , -   , -   , -   , -   , -   , 52 , 33 , 470 ," 1,414 ",,,,,,,,,,,,,,,,,,,,,,
,Market F,Plant E,Category C,A.03927,01, 750 , 750 , 750 , 750 , 750 , 750 , 750 , 750 , 750 , 13 , 13 , 14 , 14 , -   , -   , -   , -   , -   , -   , -   , 22 , 17 , 12 , (37), -   ,,,,,,,,,,,,,,,,,,,,,,
,Market F,Plant E,Category B,A.03943,02,, -   , -   , -   , -   , -   , 900 , 915 ," 1,066 ", 754 , 756 , 840 , 840 , -   , -   , -   , -   , -   , -   , -   , 187 , 119 , 1 , 443 , 89 ,,,,,,,,,,,,,,,,,,,,,,
,Market F,Plant E,Category C,A.03947,02,,,,,, 400 , 423 , 423 , 423 , (67), -   , -   , -   , -   , -   , -   , -   , -   , -   , -   , -   , -   , -   , -   , -   ,,,,,,,,,,,,,,,,,,,,,,
,Market F,Plant E,Category F,A.03948,04,,,,,," 11,160 "," 11,160 "," 6,219 "," 6,210 "," 3,816 "," 4,124 "," 4,047 "," 4,047 ", -   , -   , -   , -   , -   , -   , -   , 445 , 96 ," 1,713 ", 70 ," 1,722 ",,,,,,,,,,,,,,,,,,,,,,
2019-09,Market F,Plant E,Category F,B.06813,03,,, 337 , 337 , 368 , 324 , 324 , 376 , 211 , 81 , 188 , 188 , 188 , 14 , 50 , 20 , 25 , 15 , 62 , -   , -   , 3 , -   , -   , -   ,,,,,,,,,,,,,,,,,,,,,,
2019-08,Market F,Plant E,Category F,B.06814,03,,, 227 , 227 , 189 , 189 , 189 , 191 , 133 , 133 , 133 , 133 , 133 , 16 , 7 , -   , -   , 110 , 0 , -   , -   , -   , (0), -   , -   ,,,,,,,,,,,,,,,,,,,,,,
2019-12,Market F,Plant E,Category F,B.06816,03,,,, 0 , 0 , 0 , 0 , 0 , 0 , 0 , 0 , 0 , 0 , 0 , -   , -   , -   , -   , -   , -   , -   , -   , -   , -   , -   ,,,,,,,,,,,,,,,,,,,,,,
2019-07,Market F,Plant E,Category F,B.06818,04, -   , -   , 290 , 290 , 304 , 304 , 304 , 308 , 308 , 300 , 296 , 284 , 284 , -   , 17 , 30 , 5 , 30 , 32 , 12 , 39 , 53 , 64 , 3 , -   ,,,,,,,,,,,,,,,,,,,,,,
2020-02,Market F,Plant E,Category F,B.06819,04, -   , -   , 172 , 172 , 172 , 172 , 172 , 172 , 172 , 172 , 172 , 172 , 172 , 172 , -   , -   , -   , -   , -   , -   , -   , -   , -   , -   , -   ,,,,,,,,,,,,,,,,,,,,,,
2020-05,Market F,Plant E,Category D,B.06822,01, 381 , 381 , 380 , 380 , 388 , 388 , 320 , 320 , 320 , 320 , 320 , 321 , 321 , 18 , 45 , 214 , 12 , 7 , -   , -   , -   , -   , -   , 25 , -   ,,,,,,,,,,,,,,,,,,,,,,
,Market F,Plant E,Category F,B.07183,03," 2,288 "," 2,288 "," 1,527 "," 1,260 "," 1,326 "," 1,326 "," 1,326 "," 1,828 "," 2,564 "," 2,303 "," 1,940 "," 1,888 "," 1,888 ", -   , 20 , 1 , -   , 70 , 235 , 79 , 72 , 239 , 197 , 590 , 385 ,,,,,,,,,,,,,,,,,,,,,,
,Market F,Plant E,Category F,B.07184,03,,, 371 , 459 , 468 , 468 , 468 , 700 , 705 , 967 ," 1,325 "," 1,498 "," 1,498 ", -   , -   , -   , 17 , 54 , 54 , 146 , 68 , 9 , 7 , 138 ," 1,006 ",,,,,,,,,,,,,,,,,,,,,,
,Market F,Plant E,Category C,B.07185,03,,,,,,,,, -   , 97 , 94 , 104 , 104 , -   , -   , -   , -   , -   , -   , -   , -   , -   , -   , 3 , 100 ,,,,,,,,,,,,,,,,,,,,,,
,Market F,Plant E,Category F,B.07188,04,, -   , 400 , 400 , 400 , 400 , 249 , 254 , 254 , 86 , 223 , 223 , 223 , -   , -   , -   , -   , -   , 0 , 21 , 0 , 187 , -   , 14 , -   ,,,,,,,,,,,,,,,,,,,,,,
,Market F,Plant E,Category F,B.07189,04,,,,,,, 151 , 153 , 153 , 149 , 145 , 139 , 139 , -   , -   , -   , -   , -   , -   , -   , -   , 1 , -   , 138 , -   ,,,,,,,,,,,,,,,,,,,,,,
,Market F,Plant E,Category B,B.07217,02, 450 , 450 , 360 , 99 , 113 , 113 , 113 , 113 , 113 , 102 , 101 , 101 , 101 , -   , -   , -   , -   , 1 , 43 , 10 , -   , 47 , -   , -   , -   ,,,,,,,,,,,,,,,,,,,,,,
,Market F,Plant E,Category C,B.07219,01, 122 , 122 , 108 , 108 , 108 , 108 , 50 , 312 , 260 , 261 , 254 , 223 , 223 , -   , -   , -   , -   , -   , 32 , 0 , 0 , 11 , -   , 159 , 21 ,,,,,,,,,,,,,,,,,,,,,,
,Market F,Plant E,Category C,B.07219,01,,,,, -   , 203 , 260 , -   , -   , -   , -   , -   , -   , -   , -   , -   , -   , -   , -   , -   , -   , -   , -   , -   , -   , -   ,,,,,,,,,,,,,,,,,,,,,
,Market F,Plant E,Category C,FB.16667,03, 90 , 90 , 90 , 90 , 90 , 90 , -   , -   , -   , -   , -   , -   , -   , -   , -   , -   , -   , -   , -   , -   , -   , -   , -   , -   , -   ,,,,,,,,,,,,,,,,,,,,,,
,Market F,Plant E,Category D,FB.16775,03, 550 , 550 , 420 , 420 , 420 , 180 , -   , -   , -   , -   , -   , -   , -   , -   , -   , -   , -   , -   , -   , -   , -   , -   , -   , -   , -   ,,,,,,,,,,,,,,,,,,,,,,
,Market F,Plant E,Category B,FB.24930,03, 125 , 125 , 125 , 125 , 125 , 125 , -   , -   , -   , -   , -   , -   , -   , -   , -   , -   , -   , -   , -   , -   , -   , -   , -   , -   , -   ,,,,,,,,,,,,,,,,,,,,,,
,Market F,Plant E,Category F,FB.50709,03, 810 , 810 , 186 , 186 , 186 , 186 , 186 , 500 , -   , -   , -   , -   , -   , -   , -   , -   , -   , -   , -   , -   , -   , -   , -   , -   , -   ,,,,,,,,,,,,,,,,,,,,,,
,Market F,Plant E,Category C,FB.58291,02," 1,000 "," 1,000 "," 1,000 "," 1,000 "," 1,000 "," 1,000 ", -   , -   , -   , -   , -   , -   , -   ,,,,,,,,,,,,,,,,,,,,,,,,,,,,,,,,,,
,Market F,Plant E,Category C,FB.58292,04," 2,500 "," 2,500 "," 2,500 "," 2,500 ", 200 , 200 , 200 , -   , -   , -   , -   , -   , -   , -   , -   , -   , -   , -   , -   , -   , -   , -   , -   , -   , -   ,,,,,,,,,,,,,,,,,,,,,,
,Market F,Plant E,Category C,FB.58295,04, 400 , 400 , 400 , 400 , 400 , 200 , -   , -   , -   , -   , -   , -   , -   , -   , -   , -   , -   , -   , -   , -   , -   , -   , -   , -   , -   ,,,,,,,,,,,,,,,,,,,,,,
,Market F,Plant E,Category C,FB.58297,02, 300 , 300 , 300 , 300 , 300 , 300 , -   , -   , -   , -   , -   , -   , -   ,,,,,,,,,,,,,,,,,,,,,,,,,,,,,,,,,,
,Market F,Plant E,Category C,FB.58298,02, 113 , 113 , 113 , -   , -   , -   , -   , -   , -   , -   , -   , -   , -   , -   , -   , -   , -   , -   , -   , -   , -   , -   , -   , -   , -   ,,,,,,,,,,,,,,,,,,,,,,
,Market F,Plant E,Category C,FB.58299,04, 90 , 90 , 90 , 90 , 90 , 90 , 150 , -   , -   , -   , -   , -   , -   , -   , -   , -   , -   , -   , -   , -   , -   , -   , -   , -   , -   ,,,,,,,,,,,,,,,,,,,,,,
,Market F,Plant E,Category B,FB.58369,01, -   , -   , -   , -   , -   , -   , -   , -   , -   , -   , -   , -   , -   ,,,,,,,,,,,,,,,,,,,,,,,,,,,,,,,,,,
,Market F,Plant E,Category B,FB.58370,01, -   , -   , -   , -   , -   , -   , -   , -   , -   , -   , -   , -   , -   ,,,,,,,,,,,,,,,,,,,,,,,,,,,,,,,,,,
,Market F,Plant E,Category B,FB.58371,01," 1,700 "," 1,700 "," 1,350 ", 500 , 500 , 500 ," 1,000 ", 600 , 375 , 100 , 100 , -   , -   , -   , -   , -   , -   , -   , -   , -   , -   , -   , -   , -   , -   ,,,,,,,,,,,,,,,,,,,,,,
,Market F,Plant E,Category B,FB.58372,01," 1,500 "," 1,500 ", -   , -   , -   , -   , -   , -   , -   , -   , -   , -   , -   ,,,,,,,,,,,,,,,,,,,,,,,,,,,,,,,,,,
,Market F,Plant E,Category B,FB.58373,04, 500 , 500 , 925 , 925 , 925 , 925 , -   , 90 , -   , -   , 180 , 150 , 150 , -   , -   , -   , -   , -   , -   , -   , -   , -   , -   , -   , 150 ,,,,,,,,,,,,,,,,,,,,,,
,Market F,Plant E,Category B,FB.58373,04,,,,,,, 900 , 495 , 153 , -   , -   , -   , -   ,,,,,,,,,, -   , -   , -   ,,,,,,,,,,,,,,,,,,,,,,
,Market F,Plant E,Category B,FB.58375,01, -   , -   , -   , -   , -   , -   , -   , -   , -   , -   , -   , -   , -   ,,,,,,,,,,,,,,,,,,,,,,,,,,,,,,,,,,
,Market F,Plant E,Category B,FB.58376,01, 425 , 425 , -   , -   , -   , -   , -   , -   , -   , -   , -   , -   , -   , -   , -   , -   , -   , -   , -   , -   , -   , -   , -   , -   , -   ,,,,,,,,,,,,,,,,,,,,,,
,Market F,Plant E,Category B,FB.58378,01, 200 , 200 , -   , -   , -   , -   , -   , -   , -   , -   , -   , -   , -   , -   , -   , -   , -   , -   , -   , -   , -   , -   , -   , -   , -   ,,,,,,,,,,,,,,,,,,,,,,
,Market F,Plant E,Category D,FB.58386,02," 8,700 "," 8,700 "," 8,700 "," 4,000 "," 4,000 ", -   , -   , -   , -   , -   , -   , -   , -   ,,,,,,,,,,,,,,,,,,,,,,,,,,,,,,,,,,
,Market F,Plant E,Category D,FB.58387,01, 100 , 100 , 100 , 100 , 100 , -   , -   , -   , -   , -   , -   , -   , -   , -   , -   , -   , -   , -   , -   , -   , -   , -   , -   , -   , -   ,,,,,,,,,,,,,,,,,,,,,,
,Market F,Plant E,Category D,FB.58388,01, 300 , 300 , 300 , 300 , 300 , -   , -   , -   , -   , -   , -   , -   , -   ,,,,,,,,,,,,,,,,,,,,,,,,,,,,,,,,,,
,Market F,Plant E,Category D,FB.58389,01, 50 , 50 , 50 , 50 , 50 , -   , -   , -   , -   , -   , -   , -   , -   , -   , -   , -   , -   , -   , -   , -   , -   , -   , -   , -   , -   ,,,,,,,,,,,,,,,,,,,,,,
,Market F,Plant E,Category D,FB.58390,01, 150 , 150 , 150 , 150 , 150 , -   , -   , -   , -   , -   , -   , -   , -   , -   , -   , -   , -   , -   , -   , -   , -   , -   , -   , -   , -   ,,,,,,,,,,,,,,,,,,,,,,
,Market F,Plant E,Category D,FB.58391,01, 100 , 100 , 100 , -   , -   , -   , -   , -   , -   , -   , -   , -   , -   ,,,,,,,,,,,,,,,,,,,,,,,,,,,,,,,,,,
,Market F,Plant E,Category D,FB.58392,01, 50 , 50 , 50 , 50 , 50 , -   , -   , -   , -   , -   , -   , -   , -   , -   , -   , -   , -   , -   , -   , -   , -   , -   , -   , -   , -   ,,,,,,,,,,,,,,,,,,,,,,
,Market F,Plant E,Category C,FB.58683,02, -   , -   , -   , -   , -   , -   , -   , -   , -   , -   , -   , -   , -   , -   , -   , -   , -   , -   , -   , -   , -   , -   , -   , -   , -   ,,,,,,,,,,,,,,,,,,,,,,
,Market F,Plant E,Category C,FB.58683,03, 35 , 35 , 35 , 35 , 35 , 35 , -   , -   , -   , -   , -   , -   , -   ,,,,,,,,,, -   , -   , -   ,,,,,,,,,,,,,,,,,,,,,,
,Market F,Plant E,Category C,FB.60686,01, 300 , 300 , 300 , 300 , 300 , 300 , 300 , 300 , 300 , 44 , 44 , 48 , 48 ,,,,,,,,,, -   , 48 , -   ,,,,,,,,,,,,,,,,,,,,,,
,Market F,Plant E,Category F,FB.64663,03,,," 1,080 "," 1,080 ", -   , -   , -   , -   , -   , -   , -   , -   , -   , -   , -   , -   , -   , -   , -   , -   , -   , -   , -   , -   , -   ,,,,,,,,,,,,,,,,,,,,,,
,Market F,Plant E,Category F,FB.64700,04, 704 , 704 , 648 , 648 , 648 , 280 , 280 , 210 , 101 , 100 , -   , -   , -   ,,,,,,,,,, -   , -   , -   ,,,,,,,,,,,,,,,,,,,,,,
,Market F,Plant E,Category F,FB.64701,04, 270 , 270 , 315 , 315 , 315 , 250 , 250 , 140 , 70 , -   , -   , -   , -   ,,,,,,,,,, -   , -   , -   ,,,,,,,,,,,,,,,,,,,,,,
,Market F,Plant E,Category C,FB.64707,02, -   , -   , 450 , 450 , 450 , 450 , -   , -   , -   , -   , -   , -   , -   , -   , -   , -   , -   , -   , -   , -   , -   , -   , -   , -   , -   ,,,,,,,,,,,,,,,,,,,,,,
,Market F,Plant E,Category C,FB.66682,02,,,,,,, 180 , 180 , 180 , 35 , -   , -   , -   ,,,,,,,,,, -   , -   , -   ,,,,,,,,,,,,,,,,,,,,,,
,Market F,Plant E,Category B,FB.66948,01,,,,,,,, 600 , 200 , -   , -   , -   , -   ,,,,,,,,,, -   , -   , -   ,,,,,,,,,,,,,,,,,,,,,,
,Market F,Plant E,Category B,N/A,02, -   , -   , -   , -   , -   , -   , -   , -   , -   , -   , -   , -   , -   ,,,,,,,,,, -   , -   , -   ,,,,,,,,,,,,,,,,,,,,,,
,Market F,Plant E,Category C,N/A,02, -   , -   , -   , -   , -   , -   , -   , -   , -   , -   , -   , -   , -   ,,,,,,,,,, -   , -   , -   ,,,,,,,,,,,,,,,,,,,,,,
,Market F,Plant E,Category E,N/A,04,,,,," 1,000 ", 800 , -   , -   , -   , -   , -   , -   , -   ,,,,,,,,,, -   , -   , -   ,,,,,,,,,,,,,,,,,,,,,,
,Market F,Plant E,Category C,N/A,01," 3,500 "," 3,500 "," 3,500 "," 2,000 ", -   ," 2,000 "," 1,500 ", -   , -   , -   , -   , -   , -   ,,,,,,,,,, -   , -   , -   ,,,,,,,,,,,,,,,,,,,,,,
,Market F,Plant E,Category C,N/A,01, -   , -   , -   , -   , -   , -   , -   , -   , -   , -   , -   , -   , -   , -   , -   , -   , -   , -   , -   , -   , -   , -   , -   , -   , -   ,,,,,,,,,,,,,,,,,,,,,,
,Market F,Plant E,Category F,N/A,04, -   , -   , -   , -   , -   , -   , -   , -   , -   , -   , -   , -   , -   , -   , -   , -   , -   , -   , -   , -   , -   , -   , -   , -   , -   ,,,,,,,,,,,,,,,,,,,,,,
,Market F,Plant E,Category C,N/A,02, -   , -   , -   , -   , -   , -   , -   , -   , -   , -   , -   , -   , -   , -   , -   , -   , -   , -   , -   , -   , -   , -   , -   , -   , -   ,,,,,,,,,,,,,,,,,,,,,,
,Market F,Plant E,Category B,N/A,01, -   , -   , -   , -   , -   , -   , -   , -   , -   , -   , -   , -   , -   , -   , -   , -   , -   , -   , -   , -   , -   , -   , -   , -   , -   ,,,,,,,,,,,,,,,,,,,,,,
,Market F,Plant E,Category D,N/A,01, -   , -   , -   , -   , -   , -   , -   , -   , -   , -   , -   , -   , -   , -   , -   , -   , -   , -   , -   , -   , -   , -   , -   , -   , -   ,,,,,,,,,,,,,,,,,,,,,,
,Market F,Plant E,Category C,N/A,02, -   , -   , -   , -   , -   , -   , -   , -   , -   , -   , -   , -   , -   , -   , -   , -   , -   , -   , -   , -   , -   , -   , -   , -   , -   ,,,,,,,,,,,,,,,,,,,,,,
,Market F,Plant E,Category C,N/A,01,,,,," 2,025 ", -   , -   , -   , -   , -   , -   , -   , -   , -   , -   , -   , -   , -   , -   , -   , -   , -   , -   , -   , -   ,,,,,,,,,,,,,,,,,,,,,,
,Market F,Plant E,Category E,N/A,04," 5,000 "," 5,000 "," 5,000 "," 5,000 "," 5,000 "," 5,000 "," 2,500 ", 500 , 500 , 500 , -   , -   , -   ,,,,,,,,,,,,,,,,,,,,,,,,,,,,,,,,,,
,,,,,,,,,,,,,,,,,,,,,,,,,,,,,,,,,,,,,,,,,,,,,,,,,,,,
,,,,,," 149,903 "," 145,537 "," 138,319 "," 116,834 "," 114,176 "," 107,034 "," 89,325 "," 75,868 "," 73,813 "," 59,589 "," 59,907 "," 59,309 "," 59,309 "," 1,919 "," 4,350 "," 5,187 "," 3,242 "," 3,621 "," 6,364 "," 2,240 "," 3,236 "," 5,361 "," 4,834 "," 6,368 "," 12,589 ",,,,,,,,,,,,,,,,,,,,,,
,,,,,,,,,,,,,,,,,,,,,,,,,,,,,,,,,,,,,,,,,,,,,,,,,,,,
,,,,,,,,,,,,,,,,,,,,,,,,,,,,,,,,,,,,,,,,,,,,,,,,,,,,
,,,,,,,,,,,,,,,,,,,,,,,,,,,,,,,,,,,,,,,,,,,,,,,,,,,,
,,,,,,,,,,,,,,,,,,,,,,,,,,,,,,,,,,,,,,,,,,,,,,,,,,,,
,,,,,,,,,,,,,,,,,,,,,,,,,,,,,,,,,,,,,,,,,,,,,,,,,,,,
,,,,,,,,,,,,,,,,,,,,,,,,,,,,,,,,,,,,,,,,,,,,,,,,,,,,
,,,,,,,,,,,,,,,,,,,,,,,,,,,,,,,,,,,,,,,,,,,,,,,,,,,,
,,,,,,,,,,,,,,,,,,,,,,,,,,,,,,,,,,,,,,,,,,,,,,,,,,,,
,,,,,,,,,,,,,,,,,BD,,,,,,,,,,,,,,,,,,,,,,,,,,,,,,,,,,,
